customer_id,full_name,email,phone,signup_date,city,age,status
1,customer 1,user1@mail.com,+91-9800000001,2024-05-19,Delhi,,inactive
2,Unknown Customer,unknown@email.com,9800000002,2024-02-28,Bengaluru,,active
3,Unknown Customer,unknown@email.com,+91-9800000003,2024-11-02,Delhi,,active
4,customer 4,user4@mail.com,,2024-03-02,Delhi,,inactive
6,Unknown Customer,unknown@email.com,,2024-08-01,Bengaluru,,inactive
8,Unknown Customer,user8@mail.com,,2025-01-16,Bengaluru,,inactive
9,Customer 9,user9@mail.com,9800000009,2024-06-27,Bengaluru,,active
10,Unknown Customer,user10@mail.com,9800000010,2025-01-24,Unknown,,active
11,Unknown Customer,unknown@email.com,,2024-10-16,Unknown,,inactive
12,Customer 12,unknown@email.com,,2025-02-11,Bengaluru,,inactive
14,Unknown Customer,unknown@email.com,+91-9800000014,2025-02-18,Unknown,,inactive
15,customer 15,user15@mail.com,,2025-03-04,Bengaluru,,unknown
16,Customer 16,user16@mail.com,,2024-09-25,Unknown,,inactive
17,Unknown Customer,unknown@email.com,,2024-12-13,Unknown,,inactive
18,Customer 18,unknown@email.com,,2025-03-12,Unknown,,inactive
19,customer 19,unknown@email.com,,2024-12-23,Unknown,,active
20,Customer 20,unknown@email.com,,2024-06-17,Mumbai,,inactive
21,Customer 21,unknown@email.com,,2024-04-19,Bengaluru,,active
22,customer 22,user22@mail.com,+91-9800000022,2025-02-07,Delhi,,inactive
23,customer 23,unknown@email.com,9800000023,2025-03-01,Unknown,,inactive
24,Unknown Customer,user24@mail.com,,2025-01-20,Unknown,,active
25,Unknown Customer,unknown@email.com,9800000025,2024-10-19,Delhi,,inactive
26,Unknown Customer,user26@mail.com,9800000026,2024-03-11,Bengaluru,,inactive
27,Customer 27,user27@mail.com,,2024-03-23,Bengaluru,,unknown
28,Unknown Customer,user28@mail.com,9800000028,2024-06-27,Delhi,,active
29,Unknown Customer,user29@mail.com,,2024-07-10,Mumbai,,inactive
31,Customer 31,user31@mail.com,+91-9800000031,2025-03-03,Mumbai,,active
33,Unknown Customer,user33@mail.com,9800000033,2024-05-29,Delhi,,unknown
34,Unknown Customer,user34@mail.com,+91-9800000034,2024-07-03,Delhi,,inactive
35,Customer 35,unknown@email.com,,2024-01-09,Bengaluru,,inactive
38,customer 38,user38@mail.com,,2024-09-20,Delhi,,inactive
40,Unknown Customer,unknown@email.com,,2024-07-16,Bengaluru,,inactive
41,Unknown Customer,unknown@email.com,+91-9800000041,2024-02-10,Delhi,,unknown
42,Customer 42,user42@mail.com,,2024-06-05,Delhi,,active
43,Unknown Customer,unknown@email.com,+91-9800000043,2024-06-29,Unknown,,inactive
44,Customer 44,user44@mail.com,,2025-02-14,Unknown,,active
47,Unknown Customer,unknown@email.com,9800000047,2024-01-14,Unknown,,inactive
48,Customer 48,unknown@email.com,,2024-04-19,Unknown,,inactive
49,customer 49,user49@mail.com,,2024-12-31,Delhi,,inactive
50,Customer 50,unknown@email.com,,2024-12-30,Unknown,,inactive
51,Customer 51,user51@mail.com,9800000051,2024-09-09,Delhi,,unknown
53,Unknown Customer,user53@mail.com,9800000053,2024-11-24,Delhi,,inactive
54,Unknown Customer,user54@mail.com,9800000054,2024-03-07,Delhi,,active
55,Unknown Customer,user55@mail.com,9800000055,2024-12-29,Mumbai,,unknown
56,Customer 56,unknown@email.com,9800000056,2024-10-09,Bengaluru,,inactive
57,Customer 57,user57@mail.com,9800000057,2024-11-15,Unknown,,unknown
58,Customer 58,user58@mail.com,+91-9800000058,2025-01-29,Unknown,,active
59,Unknown Customer,user59@mail.com,,2024-10-06,Bengaluru,,inactive
61,customer 61,unknown@email.com,9800000061,2025-01-02,Bengaluru,,inactive
62,Unknown Customer,user62@mail.com,,2024-03-03,Bengaluru,,active
63,Customer 63,unknown@email.com,,2024-08-02,Mumbai,,inactive
64,Unknown Customer,user64@mail.com,9800000064,2024-09-20,Delhi,,inactive
65,Customer 65,unknown@email.com,,2024-04-20,Unknown,,active
66,Unknown Customer,unknown@email.com,,2025-03-09,Delhi,,active
68,Customer 68,unknown@email.com,,2024-05-23,Unknown,,active
69,Unknown Customer,unknown@email.com,,2024-07-06,Mumbai,,unknown
70,Customer 70,user70@mail.com,+91-9800000070,2024-06-19,Delhi,,active
71,customer 71,unknown@email.com,,2024-11-11,Unknown,,unknown
72,Unknown Customer,unknown@email.com,,2024-07-07,Bengaluru,,inactive
73,Customer 73,unknown@email.com,,2025-02-04,Unknown,,active
74,customer 74,unknown@email.com,9800000074,2024-05-04,Delhi,,active
76,customer 76,unknown@email.com,,2024-06-09,Mumbai,,unknown
77,Unknown Customer,unknown@email.com,,2024-05-06,Bengaluru,,active
78,Unknown Customer,unknown@email.com,9800000078,2024-09-07,Bengaluru,,inactive
79,Unknown Customer,unknown@email.com,+91-9800000079,2024-10-05,Delhi,,inactive
80,customer 80,unknown@email.com,+91-9800000080,2024-12-31,Delhi,,inactive
81,Unknown Customer,user81@mail.com,9800000081,2024-05-18,Unknown,,active
82,customer 82,user82@mail.com,+91-9800000082,2024-09-28,Mumbai,,active
83,Unknown Customer,unknown@email.com,+91-9800000083,2024-03-11,Delhi,,inactive
84,Unknown Customer,unknown@email.com,9800000084,2024-05-27,Bengaluru,,active
85,Customer 85,user85@mail.com,+91-9800000085,2024-03-30,Delhi,,active
86,Unknown Customer,unknown@email.com,9800000086,2025-03-22,Bengaluru,,active
87,Customer 87,unknown@email.com,,2024-11-24,Unknown,,active
88,Unknown Customer,unknown@email.com,9800000088,2024-06-18,Mumbai,,inactive
89,Customer 89,unknown@email.com,,2025-01-22,Mumbai,,unknown
90,Unknown Customer,unknown@email.com,,2024-12-08,Delhi,,active
91,customer 91,user91@mail.com,,2024-08-16,Bengaluru,,inactive
92,Customer 92,unknown@email.com,,2024-02-01,Unknown,,inactive
93,Unknown Customer,unknown@email.com,+91-9800000093,2024-05-31,Bengaluru,,active
94,Unknown Customer,user94@mail.com,,2024-11-06,Bengaluru,,unknown
95,customer 95,user95@mail.com,+91-9800000095,2024-09-27,Unknown,,active
96,Customer 96,user96@mail.com,9800000096,2024-03-17,Mumbai,,unknown
97,customer 97,unknown@email.com,+91-9800000097,2024-08-16,Delhi,,active
98,Unknown Customer,user98@mail.com,,2024-06-06,Unknown,,inactive
100,Customer 100,unknown@email.com,+91-9800000100,2024-04-02,Mumbai,,inactive
101,Unknown Customer,unknown@email.com,,2024-12-15,Unknown,,inactive
102,Unknown Customer,user102@mail.com,9800000102,2025-01-22,Delhi,,inactive
103,Unknown Customer,unknown@email.com,9800000103,2024-06-26,Mumbai,,active
104,Customer 104,user104@mail.com,,2024-01-09,Mumbai,,active
105,Customer 105,unknown@email.com,+91-9800000105,2024-01-23,Delhi,,active
106,Customer 106,user106@mail.com,,2025-01-09,Unknown,,unknown
107,Unknown Customer,user107@mail.com,,2024-12-04,Unknown,,inactive
108,Customer 108,user108@mail.com,,2024-01-25,Bengaluru,,unknown
109,Unknown Customer,unknown@email.com,9800000109,2024-04-04,Unknown,,active
110,Unknown Customer,user110@mail.com,,2024-10-14,Delhi,,unknown
111,Unknown Customer,user111@mail.com,,2024-11-27,Delhi,,inactive
112,customer 112,user112@mail.com,,2024-11-05,Unknown,,active
113,customer 113,unknown@email.com,9800000113,2024-06-19,Bengaluru,,active
114,Customer 114,unknown@email.com,9800000114,2024-12-26,Mumbai,,active
115,Unknown Customer,unknown@email.com,,2024-07-02,Bengaluru,,inactive
116,Unknown Customer,unknown@email.com,+91-9800000116,2025-01-04,Delhi,,active
117,Unknown Customer,user117@mail.com,9800000117,2024-01-09,Bengaluru,,inactive
118,Unknown Customer,user118@mail.com,,2024-05-05,Delhi,,inactive
119,Unknown Customer,unknown@email.com,,2025-02-11,Bengaluru,,active
120,Unknown Customer,user120@mail.com,+91-9800000120,2025-03-05,Delhi,,active
